baseline estimate, 8.51082981715895
baseline upper, 18.523994374120967
postinduction estimate, 34.24045007032351
postinduction upper, 44.350829817158946
