outcome,timepoint,n,mean,sd_assuming_ci,sd_assuming_sem
discomfort,baseline,32,8.51082981715895,28.89949616067198,56.64301247491708
discomfort,postinduction,32,34.24045007032351,29.180073793299858,57.19294463486773
anxiety,baseline,32,7.867504283266703,29.194455199655337,57.221132191324465
anxiety,postinduction,32,29.11250713877784,28.561513081505623,55.98056563975102
distress,baseline,32,7.537572254335252,29.1617943497484,57.15711692550686
distress,postinduction,32,24.138728323699414,28.227549221838835,55.32599647480412
