outcome,timepoint,mean_reported_in_plot,n_reported_in_text,interval_upper,interval_lower,interval_width_extracted_from_plot,interval_lower_width,interval_upper_width,sd_assuming_ci,sd_assuming_sem
discomfort,baseline,8.51082981715895,32,18.523994374120967,-1.502334739803068,20.026329113924035,10.013164556962018,10.013164556962018,28.89949616067198,56.64301247491708
discomfort,postinduction,34.24045007032351,32,44.350829817158946,24.130070323488077,20.22075949367087,10.110379746835434,10.110379746835434,29.180073793299858,57.19294463486773
anxiety,baseline,7.867504283266703,32,17.982866933181047,-2.247858366647641,20.230725299828688,10.115362649914344,10.115362649914344,29.194455199655337,57.221132191324465
anxiety,postinduction,29.11250713877784,32,39.008566533409486,19.216447744146194,19.79211878926329,9.896059394631646,9.896059394631646,28.561513081505623,55.98056563975102
distress,baseline,7.537572254335252,32,17.641618497109825,-2.56647398843932,20.208092485549145,10.104046242774572,10.104046242774572,29.1617943497484,57.15711692550686
distress,postinduction,24.138728323699414,32,33.91907514450867,14.358381502890161,19.560693641618506,9.780346820809253,9.780346820809253,28.227549221838835,55.32599647480412
