outcome,timepoint,condition,n,mean,sd_assuming_ci,sd_assuming_sem
discomfort,postintervention,distinction,18,24.832869762263343,8.758022438996113,17.16572398043238
discomfort,postintervention,hierarchy,18,15.679623988413317,9.798934941991536,19.20591248630341
anxiety,postintervention,distinction,18,19.847030896276134,13.887549074104474,27.219596185244765
anxiety,postintervention,hierarchy,18,18.271742417993337,13.60855813288362,26.672773940451894
stress,postintervention,distinction,18,21.759890859481573,10.26197649284428,20.113473925974787
stress,postintervention,hierarchy,18,11.800818553888128,9.929754232284564,19.462318295277743
