outcome,timepoint,condition,n,mean,sd_assuming_ci,sd_assuming_sem
discomfort,postintervention,distinction,12,25.487671232876703,12.853452887300147,25.192767659108288
discomfort,postintervention,hierarchy,12,15.447945205479447,8.439934463496092,16.542271548452337
anxiety,postintervention,distinction,12,19.90063233965672,12.686999266662284,24.866518562658076
anxiety,postintervention,hierarchy,12,14.184168925022588,8.766859043817217,17.183043725881742
stress,postintervention,distinction,12,17.44373760175113,8.99174256125557,17.623815420060918
stress,postintervention,hierarchy,12,14.191691178147142,9.414883387667595,18.453171439828488
